Title,Date
"The Diplomat","5/17/25"
"Adolescence: Limited Series: Episode 4","5/17/25"
"Adolescence: Limited Series: Episode 3","5/17/25"
"Adolescence: Limited Series: Episode 2","5/11/25"
"Adolescence: Limited Series: Episode 1","5/11/25"
"Jack","5/10/25"
"When Life Gives You Tangerines: Limited Series: Sassy First Love","5/10/25"
"Good Bad Ugly","5/9/25"
"When Life Gives You Tangerines: Limited Series: Spring in a Heartbeat","5/9/25"
"Meiyazhagan","5/3/25"
"Happy Birthday","4/30/25"
"Mad Square","4/26/25"
"Jewel Thief - The Heist Begins","4/25/25"
"Court: State vs A Nobody","4/13/25"
"Chhaava","4/12/25"
"Thandel","4/10/25"
"Guntur Kaaram","4/6/25"
"Stranger Things: Chapter One: The Vanishing of Will Byers","4/5/25"
"Final Destination 2","4/5/25"
"Final Destination 5","4/5/25"
"The Final Destination","4/5/25"
"Kasargold","3/30/25"
"Officer on Duty","3/29/25"
"Khakee: The Bengal Chapter: City of Joy","3/29/25"
"Dragon","3/29/25"
"Emergency","3/16/25"
"Etharkkum Thunindhavan (Telugu)","3/9/25"
"Yeh Jawaani Hai Deewani","3/9/25"
"VidaaMuyarchi","3/8/25"
"Dabba Cartel: Episode 2","3/2/25"
"Dabba Cartel: Episode 1","3/2/25"
"Better Call Saul: Season 1: Uno","3/1/25"
"13 Hours: The Secret Soldiers of Benghazi","3/1/25"
"DSP (Telugu)","3/1/25"
"Daaku Maharaaj","2/27/25"
"The Great Indian Kapil Show: Season 2: Varun In Action","2/26/25"
"Zero Day: Limited Series: Episode 1","2/23/25"
"Pushpa 2: The Rule (Reloaded Version)","2/22/25"
"The Åre Murders: Hidden in Snow: Part 1","2/9/25"
"The Greatest Rivalry: India vs Pakistan: Making History","2/8/25"
"The Greatest Rivalry: India vs Pakistan: The Battleground","2/8/25"
"The Greatest Rivalry: India vs Pakistan: Rise of the Legends","2/8/25"
"Mr. Bachchan","1/24/25"
"Lucky Baskhar","1/22/25"
"Single’s Inferno: Season 4: Episode 1","1/22/25"
"Ozark: Season 1: Sugarwood","1/12/25"
"Modern Masters: SS Rajamouli","1/5/25"
"Squid Game: Season 2: Friend or Foe","12/28/24"
"Squid Game: Season 2: O ﻿ X","12/28/24"
"Squid Game: Season 2: One More Game","12/28/24"
"Squid Game: Season 2: Six Legs","12/27/24"
"Squid Game: Season 2: 001","12/27/24"
"RRR: Behind & Beyond","12/27/24"
"Squid Game: Season 2: Halloween Party","12/27/24"
"Squid Game: Season 2: Bread and Lottery","12/26/24"
"Squid Game: Season 1: Hell","12/26/24"
"Bagheera","12/25/24"
"Carry-On","12/24/24"
"Maharaj","12/24/24"
"Glass Onion: A Knives Out Mystery","12/22/24"
"The Gray Man","12/22/24"
"Sikandar Ka Muqaddar","12/15/24"
"La Palma: Limited Series: Cry Wolf","12/15/24"
"Devara","12/12/24"
"Jigra","12/9/24"
"The Great Indian Kapil Show: Season 2: Punjab Ke Sher - Navjot Singh Sidhu & Harbhajan Singh","12/8/24"
"The Great Indian Kapil Show: Season 2: Entertainer No. 1 - Govinda, Chunky Panday & Shakti Kapoor","12/8/24"
"The Great Indian Kapil Show: Season 2: Evergreen Icon - Rekha","12/8/24"
"Amaran","12/6/24"
"Hum Aapke Hain Koun","11/18/24"
"Jake Paul vs. Mike Tyson","11/16/24"
"Antarctica: Episode 1: A Moving Story of Life and Love for Japan's Postwar Recovery / A 56-Year-Old Miracle Between Man and Dog Begins","11/16/24"
"Tillu Square","11/15/24"
"The Blacklist: Season 1: Pilot","11/3/24"
"Class of '83","11/1/24"
"Delhi Crime: Season 2: Episode 1","10/29/24"
"Do Patti","10/27/24"
"Delhi Crime: Season 1: Episode 7","10/27/24"
"Delhi Crime: Season 1: Episode 6","10/26/24"
"Delhi Crime: Season 1: Episode 5","10/26/24"
"Delhi Crime: Season 1: Episode 4","10/26/24"
"Bard of Blood: What's Past is Prologue","10/26/24"
"Bard of Blood: My Stronger Guilt Defeats My Strong Intent","10/26/24"
"Bard of Blood: Heat Not a Furnace for Your Foe So Hot That It Do Singe Yourself","10/26/24"
"Bard of Blood: Fight Fire With Fire","10/26/24"
"Bard of Blood: Love All, Trust a Few, Do Wrong to None","10/26/24"
"Bard of Blood: So Quick Bright Things Come to Confusion","10/26/24"
"Bard of Blood: When Sorrows Come, They Come Not Single Spies, but in Battalions","10/26/24"
"Delhi Crime: Season 1: Episode 3","10/24/24"
"Delhi Crime: Season 1: Episode 2","10/23/24"
"Delhi Crime: Season 1: Episode 1","10/23/24"
"Friends: Season 9: The One with the Donor","10/23/24"
"Saripodhaa Sanivaaram","10/20/24"
"Khufiya","10/19/24"
"Mathu Vadalara 2","10/19/24"
"Skyscraper","10/19/24"
"Breaking Bad: Season 5: Ozymandias","10/16/24"
"Fauda: Season 1: Episode 1","10/12/24"
"The Great Indian Kapil Show: Season 2: World Cup Champions - Rohit Sharma, Suryakumar Yadav, Axar Patel, Arshdeep Singh and Shivam Dube","10/12/24"
"Salaar","10/6/24"
"GOAT - The Greatest of All Time","10/6/24"
"Ulajh","10/2/24"
"Pieces of a Woman","10/1/24"
"The Spy: Limited Series: The Immigrant","10/1/24"
"The Great Indian Kapil Show: Season 2: South Sensations - NTR, Saif Ali Khan and Janhvi Kapoor","9/29/24"
"Mad","9/24/24"
"Aay","9/21/24"
"Wild Dog","9/18/24"
"GodFather","9/8/24"
"Breaking Bad: Season 1: And the Bag's in the River","9/7/24"
"The Guilty","9/7/24"
"Bad Boys: Ride or Die","9/7/24"
"Adios Amigo","9/7/24"
"Operation Mayfair","9/7/24"
"Buddy","9/1/24"
"IC 814: The Kandahar Hijack: Limited Series: Episode 6","8/31/24"
"IC 814: The Kandahar Hijack: Limited Series: Episode 5","8/31/24"
"IC 814: The Kandahar Hijack: Limited Series: Episode 4","8/31/24"
"IC 814: The Kandahar Hijack: Limited Series: Episode 3","8/31/24"
"IC 814: The Kandahar Hijack: Limited Series: Episode 2","8/31/24"
"IC 814: The Kandahar Hijack: Limited Series: Episode 1","8/30/24"
"Talaash","8/25/24"
"House, M.D.: Season 1: Pilot","8/24/24"
"Seven","8/11/24"
"Raangi","8/11/24"
"Iraivan (Telugu)","8/11/24"
"Mr. & Mrs. Mahi","8/11/24"
"Indian 2","8/9/24"
"Savi","8/8/24"
"Hidden Love: Episode 1","8/1/24"
"Hidden Love: Episode 19","8/1/24"
"Hidden Love: Episode 18","8/1/24"
"Hidden Love: Episode 17","8/1/24"
"Ghostbusters: Frozen Empire","7/30/24"
"Doom at Your Service: Limited Series: Episode 1","7/30/24"
"When I Fly Towards You: Lost Rainy Days, I Long to Be Soaked Once More","7/30/24"
"Hidden Love: Episode 25","7/30/24"
"Hidden Love: Episode 24","7/30/24"
"Hidden Love: Episode 23","7/30/24"
"Hidden Love: Episode 22","7/30/24"
"Hidden Love: Episode 21","7/30/24"
"Hidden Love: Episode 20","7/30/24"
"Hidden Love: Episode 16","7/29/24"
"Hidden Love: Episode 15","7/29/24"
"Hidden Love: Episode 14","7/29/24"
"Hidden Love: Episode 13","7/29/24"
"Hidden Love: Episode 12","7/29/24"
"Hidden Love: Episode 11","7/29/24"
"Hidden Love: Episode 10","7/29/24"
"Hidden Love: Episode 9","7/29/24"
"Hidden Love: Episode 8","7/29/24"
"Hidden Love: Episode 7","7/29/24"
"Hidden Love: Episode 6","7/29/24"
"Hidden Love: Episode 5","7/29/24"
"Hidden Love: Episode 4","7/29/24"
"Hidden Love: Episode 3","7/29/24"
"Hidden Love: Episode 2","7/29/24"
"Maharaja","7/28/24"
"Indian","7/21/24"
"Aadujeevitham: The Goat Life (Telugu)","7/20/24"
"Tu Jhoothi Main Makkaar","7/14/24"
"Srikanth","7/12/24"
"Ee Nagaraniki Emaindi","7/11/24"
"Fighter","7/9/24"
"Ala Vaikunthapurramuloo","7/9/24"
"Bhaje Vaayu Vegam","7/8/24"
"Kaala Paani: Nature Wins","7/7/24"
"Kannai Nambathey","7/7/24"
"Gangs of Godavari","7/6/24"
"Leo (Telugu)","7/2/24"
"Dune","6/29/24"
"Trigger Warning","6/23/24"
"Crew","6/23/24"
"Breaking Bad: Season 1: The Cat's in the Bag","6/14/24"
"Vikings: Season 1: Rites of Passage","6/14/24"
"Gandeevadhari Arjuna","6/13/24"
"Attarintiki Daredi","6/11/24"
"Bade Miyan Chote Miyan","6/8/24"
"Kabhi Khushi Kabhie Gham","6/6/24"
"Laapataa Ladies","6/1/24"
"Dream Girl 2","5/30/24"
"Shaitaan","5/25/24"
"Family Switch","5/22/24"
"Article 370","5/19/24"
"Dear Zindagi","5/11/24"
"The Great Indian Kapil Show: Season 1: ⁠Dil Se Deol - Sunny and Bobby","5/5/24"
"Fifty Shades Darker","4/23/24"
"Anyone But You","4/23/24"
"Bhola Shankar","4/13/24"
"3 Body Problem: Season 1: Countdown","4/13/24"
"The Great Indian Kapil Show: Season 1: Cricket Fever - Rohit and Shreyas","4/7/24"
"Never Have I Ever: Season 1: Pilot","4/2/24"
"Dongalunnaru Jagratha","3/31/24"
"Tegimpu","3/29/24"
"Beast (Telugu)","3/29/24"
"Anweshippin Kandethum","3/17/24"
"Friends: Season 9: The One with the Fertility Test","3/17/24"
"Minnal Murali","3/16/24"
"To Kill a Tiger","3/16/24"
"Thundu","3/16/24"
"Kalagathalaivan","3/8/24"
"Animal","3/8/24"
"Bro","2/28/24"
"Manifest: Season 4: Final Boarding","2/28/24"
"Ramabanam","2/26/24"
"Shabaash Mithu","2/22/24"
"Beast (English)","2/22/24"
"Iratta","2/21/24"
"Dunki","2/20/24"
"Guntur Kaaram (Hindi)","2/18/24"
"Curry & Cyanide - The Jolly Joseph Case","2/17/24"
"Waltair Veerayya","2/14/24"
"Seethamma Vakitlo Sirimalle Chettu","2/13/24"
"Hi Nanna","2/12/24"
"Salaar (English)","2/5/24"
"Society of the Snow","2/4/24"
"Chor Nikal Ke Bhaga","2/2/24"
"Wave of Cinema: 90's Generation","1/28/24"
"Kurup (Telugu)","1/28/24"
"CBI 5: The Brain","1/27/24"
"Aadikeshava","1/25/24"
"Anonymously Yours","1/23/24"
"Fantastic Beasts: The Secrets of Dumbledore","1/23/24"
"DI4RIES: Season 1: Episode 1","1/23/24"
"13 Reasons Why: Season 4: Graduation","1/23/24"
"13 Reasons Why: Season 4: Winter Break","1/23/24"
"13 Reasons Why: Season 3: Let the Dead Bury the Dead","1/23/24"
"13 Reasons Why: Season 3: Yeah. I'm the New Girl","1/23/24"
"13 Reasons Why: Season 2: Bye","1/23/24"
"13 Reasons Why: Season 2: The Box of Polaroids","1/23/24"
"13 Reasons Why: Season 2: The First Polaroid","1/23/24"
"13 Reasons Why: Season 1: Tape 7, Side A","1/23/24"
"13 Reasons Why: Season 1: Tape 6, Side B","1/23/24"
"13 Reasons Why: Season 1: Tape 6, Side A","1/23/24"
"13 Reasons Why: Season 1: Tape 5, Side B","1/23/24"
"13 Reasons Why: Season 1: Tape 5, Side A","1/23/24"
"13 Reasons Why: Season 1: Tape 4, Side B","1/23/24"
"13 Reasons Why: Season 1: Tape 4, Side A","1/23/24"
"13 Reasons Why: Season 1: Tape 3, Side B","1/22/24"
"13 Reasons Why: Season 1: Tape 3, Side A","1/22/24"
"13 Reasons Why: Season 1: Tape 2, Side B","1/22/24"
"13 Reasons Why: Season 1: Tape 2, Side A","1/22/24"
"13 Reasons Why: Season 1: Tape 1, Side B","1/22/24"
"13 Reasons Why: Season 1: Tape 1, Side A","1/22/24"
"Ben 10: Season 1: Washington B.C","1/21/24"
"Jaya Janaki Nayaka","1/20/24"
"Hi Papa (Hindi)","1/5/24"
"Berlin: Season 1: The Energy of Love","1/3/24"
"Naam Shabana","12/30/23"
"The Hunt for Veerappan: Limited Series: CHAPTER ONE - THE FOREST KING","12/30/23"
"Swades: We, the People","12/27/23"
"Hum Saath-Saath Hain","12/27/23"
"Julie and the Phantoms: Stand Tall","12/18/23"
"Japan (Telugu)","12/17/23"
"Jigarthanda DoubleX (Telugu)","12/16/23"
"Thai Cave Rescue: Limited Series: Moo Pa","12/16/23"
"The Fate of the Furious","12/12/23"
"Jigarthanda DoubleX","12/11/23"
"Thai Cave Rescue: Limited Series: The Parable of Kisa Gotami","12/10/23"
"Thai Cave Rescue: Limited Series: Lucky Baht","12/10/23"
"Thai Cave Rescue: Limited Series: The Princess' Chalice","12/10/23"
"Thai Cave Rescue: Limited Series: To Not Offend the Gods","12/10/23"
"Mission Raniganj: The Great Bharat Rescue","12/9/23"
"Miss Shetty Mr. Polishetty","12/6/23"
"Gran Turismo: Based on a True Story","12/4/23"
"Thai Cave Rescue: Limited Series: The Legend of Tham Luang","12/2/23"
"Leo (Tamil)","11/30/23"
"Leo","11/30/23"
"No Hard Feelings","11/27/23"
"Nayattu","11/25/23"
"The Railway Men - The Untold Story Of Bhopal 1984: Limited Series: Episode 4","11/25/23"
"The Railway Men - The Untold Story Of Bhopal 1984: Limited Series: Episode 3","11/25/23"
"The Railway Men - The Untold Story Of Bhopal 1984: Limited Series: Episode 2","11/24/23"
"The Railway Men - The Untold Story Of Bhopal 1984: Limited Series: Episode 1","11/21/23"
"Maid: Limited Series: Snaps","11/21/23"
"Maid: Limited Series: Sky Blue","11/21/23"
"Maid: Limited Series: Bear Hunt","11/21/23"
"Maid: Limited Series: String Cheese","11/21/23"
"Maid: Limited Series: M","11/21/23"
"Maid: Limited Series: Thief","11/21/23"
"Maid: Limited Series: Cashmere","11/21/23"
"Maid: Limited Series: Sea Glass","11/21/23"
"Maid: Limited Series: Ponies","11/21/23"
"Maid: Limited Series: Dollar Store","11/21/23"
"Best. Christmas. Ever!","11/17/23"
"Prisoners","11/12/23"
"The Kissing Booth 3","11/9/23"
"Jawan: Extended Cut","11/3/23"
"Jawan: Telugu Extended Cut","11/3/23"
"OMG 2","11/1/23"
"Krishna Vrinda Vihari","10/30/23"
"Afterlife of the Party","10/27/23"
"Nowhere","10/22/23"
"Gangubai Kathiawadi","10/18/23"
"Emily in Paris: Season 1: Emily in Paris","10/13/23"
"Mission: Impossible","10/10/23"
"Insidious: The Red Door","10/10/23"
"Insidious: Chapter 3","10/10/23"
"Badrinath Ki Dulhania","10/8/23"
"Kushi","10/5/23"
"Love is in the Air","10/3/23"
"Uyare","9/27/23"
"Gandeevadhari Arjuna (Tamil)","9/26/23"
"Narcos: Season 1: Descenso","9/16/23"
"Friends: Season 9: The One with the Soap Opera Party","9/16/23"
"Love at First Sight","9/15/23"
"The Boss Baby","9/14/23"
"Locke & Key: Season 1: Welcome to Matheson","9/11/23"
"Fifty Shades Freed","9/11/23"
"Good Witch: Season 1: Starting Over … Again","9/10/23"
"Good Witch: Season 5: The Graduation","9/6/23"
"Good Witch: Season 5: The Comet","9/6/23"
"Good Witch: Season 5: The Treasure","9/6/23"
"Good Witch: Season 5: The Grey-cation","9/6/23"
"Good Witch: Season 5: The Road Trip","9/6/23"
"Good Witch: Season 5: The Tea","9/6/23"
"Good Witch: Season 5: The Prince","9/6/23"
"Good Witch: Season 5: The Honeymoon","9/5/23"
"Good Witch: Season 5: The Forever Tree Part Two","9/5/23"
"Good Witch: Season 5: The Forever Tree Part One","9/5/23"
"Good Witch: Season 5: Tale of Two Hearts, Part Two","9/5/23"
"Good Witch: Season 5: Tale of Two Hearts, Part One","9/5/23"
"Good Witch: Season 4: Tossing the Bouquet","9/5/23"
"Good Witch: Season 4: How to Make a Middleton Quilt","9/5/23"
"Good Witch: Season 4: All Dressed Up","9/5/23"
"Good Witch: Season 4: Til Death Do Us Part","9/5/23"
"Good Witch: Season 4: Match Game","9/4/23"
"Good Witch: Season 4: Written Like a Merriwick","9/4/23"
"Good Witch: Season 4: Family Time","9/4/23"
"Good Witch: Season 4: Daddy's Home","9/4/23"
"Good Witch: Season 4: In 4/4, with Emotion","9/4/23"
"Good Witch: Season 4: With This Ring","9/3/23"
"Friends: Season 9: The One with Rachel's Dream","9/3/23"
"Good Witch: Season 4: The Halloween Prophecy, Part 2","9/3/23"
"Good Witch: Season 4: The Halloween Prophecy, Part 1","9/3/23"
"Good Witch: Season 3: Not Getting Married Today, Part 2","9/3/23"
"Good Witch: Season 3: Not Getting Married Today, Part 1","9/3/23"
"Good Witch: Season 3: Somewhat Surprising","9/3/23"
"Good Witch: Season 3: In Sickness and in Health","9/3/23"
"Good Witch: Season 3: Say It with Candy","9/3/23"
"Good Witch: Season 3: A Birthday Wish","9/3/23"
"Good Witch: Season 3: How to Say, 'I Love You!'","9/3/23"
"Good Witch: Season 3: Day After Day","9/2/23"
"Good Witch: Season 3: Without Magic for a Spell","9/2/23"
"Good Witch: Season 3: A Budding Romance","9/2/23"
"Good Witch: Season 3: The Enchantress Unites, Part 2","9/2/23"
"Good Witch: Season 3: The Enchantress Unites, Part 1","9/2/23"
"Good Witch: Season 2: A Perfect Match, Part 2","9/2/23"
"Good Witch: Season 2: A Perfect Match, Part 1","9/2/23"
"Good Witch: Season 2: Truth","9/2/23"
"Good Witch: Season 2: What's Your Secret","9/2/23"
"Good Witch: Season 2: Risk","9/2/23"
"Good Witch: Season 2: Surprise Me","9/2/23"
"Good Witch: Season 2: Trouble with Love","9/2/23"
"Good Witch: Season 2: Out of the Past","9/2/23"
"Good Witch: Season 2: Driven","9/2/23"
"Good Witch: Season 2: Second Time Around","9/2/23"
"Good Witch: Season 2: Something Wicked, Part 2","9/2/23"
"Good Witch: Season 2: Something Wicked, Part 1","9/2/23"
"Good Witch: Season 1: True Colors","9/1/23"
"Good Witch: Season 1: Homecoming","9/1/23"
"Good Witch: Season 1: Together We Stand …","9/1/23"
"Good Witch: Season 1: The Storm","9/1/23"
"Good Witch: Season 1: The Truth About Lies","9/1/23"
"Good Witch: Season 1: All in the Family","9/1/23"
"Good Witch: Season 1: Do the Right Thing","9/1/23"
"Good Witch: Season 1: Running Scared","9/1/23"
"Good Witch: Season 1: Apologies and Remembrances","9/1/23"
"Suits: Season 1: Pilot Part 1 & 2","8/31/23"
"Friends: Season 9: The One with the Lottery","8/29/23"
"Bro (Kannada)","8/27/23"
"Bro (Hindi)","8/26/23"
"Bhool Bhulaiyaa 2","8/19/23"
"Final Destination","8/18/23"
"Friends: Season 9: The One with the Memorial Service","8/13/23"
"Rangabali","8/12/23"
"Annaatthe","8/12/23"
"The Twilight Saga: Breaking Dawn: Part 2","8/7/23"
"The Bureau of Magical Things: Season 2: No More Secrets","8/3/23"
"Interstellar","7/22/23"
"Dil Dhadakne Do","7/17/23"
"Lust Stories 2","7/10/23"
"'83","7/8/23"
"Luka Chuppi","6/26/23"
"Bheeshma","6/23/23"
"Scoop: Episode 2","6/18/23"
"Never Have I Ever: Season 4: ...said goodbye","6/18/23"
"Dark: Season 3: The Paradise","6/18/23"
"Scoop: Episode 1","6/17/23"
"Black Mirror: Season 6: Joan Is Awful","6/17/23"
"Wild Wild Country: Limited Series: Part 1","6/15/23"
"The Ghost","6/7/23"
"Most Eligible Bachelor","6/5/23"
"Manifest: Season 4: Formation","6/4/23"
"Manifest: Season 4: Lift/Drag","6/4/23"
"Manifest: Season 4: Threshold","6/4/23"
"Manifest: Season 4: Furball","6/4/23"
"Manifest: Season 4: Throttle","6/4/23"
"Manifest: Season 4: Fata Morgana","6/4/23"
"Manifest: Season 4: Ghost Plane","6/4/23"
"Manifest: Season 4: Bug Out","6/3/23"
"Manifest: Season 4: Final Descent","6/3/23"
"Manifest: Season 4: Inversion Illusion","6/3/23"
"Manifest: Season 4: Rendezvous","6/3/23"
"Manifest: Season 4: Full Upright and Locked Position","6/3/23"
"Manifest: Season 4: Romeo","6/3/23"
"Manifest: Season 4: Relative Bearing","6/3/23"
"Manifest: Season 4: Squawk","6/3/23"
"Manifest: Season 4: Go-Around","6/3/23"
"Manifest: Season 4: High Flight","6/3/23"
"Shooter","6/3/23"
"Manifest: Season 4: All-Call","6/2/23"
"Manifest: Season 4: Touch-and-Go","6/2/23"
"Manifest: Season 1: Pilot","6/2/23"
"Kathal - A Jackfruit Mystery","5/31/23"
"Gunjan Saxena: The Kargil Girl","5/31/23"
"Khakee: The Bihar Chapter: PHACE TO PHACE !","5/27/23"
"Khakee: The Bihar Chapter: MEETA JI KI LOVE STORY PART 2","5/27/23"
"Khakee: The Bihar Chapter: MEETA JI KI LOVE STORY !!!","5/27/23"
"Khakee: The Bihar Chapter: MOOH DIKHAI !!!","5/27/23"
"Khakee: The Bihar Chapter: AMIT KAUN ???","5/27/23"
"Khakee: The Bihar Chapter: CHANDANWA KA JANM !","5/27/23"
"Khakee: The Bihar Chapter: PATRA PARICHAY !","5/27/23"
"Virupaksha","5/24/23"
"Ayalvaashi","5/22/23"
"Missing: Dead or Alive?: Episode 1","5/13/23"
"Mrs. Chatterjee vs Norway","5/13/23"
"Now You See Me","5/11/23"
"Thammudu","5/9/23"
"Queen Charlotte: A Bridgerton Story: Queen to Be","5/6/23"
"Dasara","4/29/23"
"Dasara (Tamil)","4/29/23"
"Love Today (Telugu)","4/25/23"
"Indian Matchmaking: Season 1: Slim, Trim and Educated","4/23/23"
"Indian Matchmaking: Season 3: Marry Me","4/23/23"
"Indian Matchmaking: Season 3: Daddy's Little Tall Girl","4/23/23"
"Indian Matchmaking: Season 3: Wills and Whims and Fancies","4/23/23"
"Indian Matchmaking: Season 3: Is Costco a Hobby?","4/23/23"
"Indian Matchmaking: Season 3: A Top Knot Appreciator","4/23/23"
"Indian Matchmaking: Season 3: An ABCD","4/23/23"
"Indian Matchmaking: Season 3: Take the Bobby","4/23/23"
"Indian Matchmaking: Season 3: Husband-in-Waiting","4/22/23"
"Kannum Kannum Kollaiyadithaal","4/21/23"
"Ranga Ranga Vaibhavanga","4/19/23"
"Talking Tom and Friends: The Audition","4/19/23"
"Power Rangers Ninja Steel: Return of the Prism","4/19/23"
"Power Rangers Dino Fury: Season 1: Destination Dinohenge","4/19/23"
"After We Fell","4/18/23"
"The Kissing Booth","4/15/23"
"Amigos","4/2/23"
"The Bureau of Magical Things: Season 1: Magic in the Air","4/1/23"
"The Bureau of Magical Things: Season 1: A Magical Mishap","4/1/23"
"Sir","3/28/23"
"The Elephant Whisperers","3/26/23"
"Rana Naidu: Season 1: He's back","3/13/23"
"Manifest: Season 3: Tailfin","3/12/23"
"Breaking Bad: Season 1: Pilot","3/11/23"
"A Quiet Place Part II","3/11/23"
"MH370: The Plane That Disappeared: Limited Series: The Pilot","3/11/23"
"Friends: Season 9: The One with the Boob Job","3/7/23"
"Friends: Season 9: The One with the Mugging","3/7/23"
"Friends: Season 9: The One with the Blind Dates","3/7/23"
"Butta Bomma","3/4/23"
"Friends: Season 9: The One Where Monica Sings","3/2/23"
"Friends: Season 9: The One with Phoebe's Rats","3/2/23"
"Jab We Met","2/25/23"
"Chainsaw Man: Dog & Chainsaw","2/4/23"
"Dhamaka","2/3/23"
"18 Pages","1/28/23"
"Mission Majnu","1/26/23"
"The Bureau of Magical Things: Season 2: A Desperate Plan","1/24/23"
"The Bureau of Magical Things: Season 2: Beginning of the End","1/24/23"
"The Bureau of Magical Things: Season 2: The Heist","1/24/23"
"The Bureau of Magical Things: Season 2: Revelations","1/24/23"
"The Bureau of Magical Things: Season 2: Party Time","1/24/23"
"The Bureau of Magical Things: Season 2: New Tricks","1/23/23"
"The Bureau of Magical Things: Season 2: Let the Games Begin","1/23/23"
"The Bureau of Magical Things: Season 2: Liar, Liar","1/23/23"
"The Bureau of Magical Things: Season 2: The Enchanted Wood","1/23/23"
"The Bureau of Magical Things: Season 2: The Message","1/23/23"
"The Bureau of Magical Things: Season 2: The Key to the Past","1/23/23"
"The Bureau of Magical Things: Season 2: Almost Famous","1/23/23"
"The Bureau of Magical Things: Season 2: Testing Times","1/23/23"
"The Bureau of Magical Things: Season 2: Mirror Image","1/22/23"
"The Bureau of Magical Things: Season 2: Welcome to the Jungle","1/20/23"
"The Bureau of Magical Things: Season 2: The Big Sneeze","1/20/23"
"The Bureau of Magical Things: Season 2: Fortuna's Compact","1/20/23"
"The Bureau of Magical Things: Season 2: A Dangerous Secret","1/20/23"
"The Bureau of Magical Things: Season 2: Vanished","1/20/23"
"Student of the Year","1/12/23"
"Fifty Shades of Grey","1/9/23"
"Love Today","12/28/22"
"Love Hard","12/28/22"
"Emily in Paris: Season 3: Charade","12/27/22"
"Emily in Paris: Season 3: Love Is in the Air","12/27/22"
"Emily in Paris: Season 3: Fashion Victim","12/27/22"
"Emily in Paris: Season 3: How to Lose a Designer in 10 Days","12/27/22"
"Emily in Paris: Season 3: Ex-en-Provence","12/27/22"
"Emily in Paris: Season 3: Ooo La La Liste","12/26/22"
"Emily in Paris: Season 3: Live From Paris, It’s Emily Cooper","12/26/22"
"Emily in Paris: Season 3: Coo D’état","12/26/22"
"Emily in Paris: Season 3: What's It All About...","12/26/22"
"Emily in Paris: Season 3: I Have Two Lovers","12/26/22"
"Codename: Tiranga","12/22/22"
"Urvasivo Rakshasivo","12/17/22"
"All Quiet on the Western Front","12/16/22"
"Friends: Season 9: The One Where Rachel Goes Back to Work","12/15/22"
"Friends: Season 9: The One with Christmas in Tulsa","12/15/22"
"A Christmas Prince","12/15/22"
"I Believe in Santa","12/15/22"
"A Kindhearted Christmas","12/10/22"
"Too Close for Christmas","12/10/22"
"A Christmas Miracle for Daisy","12/10/22"
"Christmas on Mistletoe Farm","12/9/22"
"Angel Falls Christmas","12/9/22"
"The Knight Before Christmas","12/9/22"
"The Claus Family","12/9/22"
"Christmas Inheritance","12/9/22"
"Christmas Wedding Planner","12/9/22"
"A California Christmas","12/9/22"
"Delivery by Christmas","12/9/22"
"Wednesday: Wednesday's Child Is Full of Woe","12/8/22"
"Christmas in Love","12/8/22"
"Falling for Christmas","12/6/22"
"The Noel Diary","12/2/22"
"Wednesday: A Murder of Woes","12/2/22"
"Wednesday: If You Don't Woe Me by Now","12/2/22"
"Wednesday: Quid Pro Woe","12/2/22"
"Wednesday: You Reap What You Woe","12/2/22"
"Wednesday: Woe What a Night","12/2/22"
"Wednesday: Friend or Woe","12/2/22"
"Wednesday: Woe Is the Loneliest Number","12/1/22"
"Mimi","12/1/22"
"Bullet Train","11/13/22"
"Saakini Daakini","11/9/22"
"Friends: Season 9: The One with Rachel's Phone Number","11/2/22"
"The In Between","11/1/22"
"Friends: Season 9: The One with Rachel's Other Sister","10/27/22"
"Friends: Season 9: The One with Ross' Inappropriate Song","10/26/22"
"The School for Good and Evil","10/23/22"
"Friends: Season 9: The One with the Male Nanny","10/17/22"
"RRR (Hindi)","10/14/22"
"Friends: Season 9: The One with Phoebe's Birthday Dinner","10/12/22"
"Friends: Season 9: The One with the Sharks","10/12/22"
"Friends: Season 9: The One with the Pediatrician","10/10/22"
"Friends: Season 9: The One Where Emma Cries","10/7/22"
"Friends: Season 9: The One Where No One Proposes","10/6/22"
"Friends: Season 8: The One Where Rachel Has a Baby: Part 2","10/5/22"
"Friends: Season 8: The One Where Rachel Has a Baby: Part 1","10/5/22"
"Friends: Season 8: The One Where Rachel Is Late","10/4/22"
"Friends: Season 8: The One with the Cooking Class","10/4/22"
"Friends: Season 8: The One with the Baby Shower","10/2/22"
"Friends: Season 8: The One with Joey's Interview","10/1/22"
"Friends: Season 8: The One in Massapequa","10/1/22"
"Jamtara - Sabka Number Ayega: Season 2: Episode 1","10/1/22"
"Friends: Season 8: The One with the Tea Leaves","10/1/22"
"Friends: Season 8: The One Where Joey Tells Rachel","9/30/22"
"Friends: Season 8: The One with the Birthing Video","9/29/22"
"Julie and the Phantoms: Unsaid Emily","9/27/22"
"Julie and the Phantoms: Edge of Great","9/27/22"
"Julie and the Phantoms: Finally Free","9/27/22"
"Julie and the Phantoms: The Other Side of Hollywood","9/27/22"
"Julie and the Phantoms: I Got the Music","9/27/22"
"Julie and the Phantoms: Flying Solo","9/27/22"
"Friends: Season 8: The One with the Secret Closet","9/26/22"
"Friends: Season 8: The One Where Chandler Takes a Bath","9/25/22"
"Friends: Season 8: The One Where Joey Dates Rachel","9/25/22"
"Friends: Season 8: The One with the Creepy Holiday Card","9/24/22"
"Friends: Season 8: The One with Monica's Boots","9/24/22"
"Friends: Season 8: The One with the Rumor","9/24/22"
"Friends: Season 8: The One with the Stripper","9/23/22"
"Friends: Season 8: The One with the Stain","9/23/22"
"Friends: Season 8: The One with the Halloween Party","9/23/22"
"Friends: Season 8: The One with Rachel's Date","9/23/22"
"Friends: Season 8: The One with the Videotape","9/22/22"
"Friends: Season 8: The One Where Rachel Tells ...","9/21/22"
"Fate: The Winx Saga: Season 2: All the Wild Witches","9/19/22"
"Fate: The Winx Saga: Season 2: Poor Unfortunate Souls","9/19/22"
"Fate: The Winx Saga: Season 2: Are You a Good Witch or a Bad Witch?","9/19/22"
"Friends: Season 8: The One with the Red Sweater","9/18/22"
"Friends: Season 8: The One After I Do","9/18/22"
"Friends: Season 7: The One with Chandler and Monica's Wedding: Part 2","9/18/22"
"Friends: Season 7: The One with Chandler and Monica's Wedding: Part 1","9/18/22"
"Friends: Season 7: The One with Chandler's Dad","9/17/22"
"Friends: Season 7: The One with the Vows","9/17/22"
"Friends: Season 7: The One with Rachel's Big Kiss","9/17/22"
"Friends: Season 7: The One with Ross and Monica's Cousin","9/17/22"
"Never Have I Ever: Season 3: ...lived the dream","9/17/22"
"Friends: Season 7: The One with Joey's Award","9/17/22"
"Friends: Season 7: The One with the Cheap Wedding Dress","9/17/22"
"Fate: The Winx Saga: Season 2: An Hour Before the Devil Fell","9/16/22"
"Fate: The Winx Saga: Season 2: Your Newfound Popularity","9/16/22"
"Fate: The Winx Saga: Season 2: Taken By The Wind","9/16/22"
"Fate: The Winx Saga: Season 2: Low-Flying Panic Attack","9/16/22"
"Friends: Season 7: The One with the Truth About London","9/13/22"
"Fate: The Winx Saga: Season 1: A Fanatic Heart","9/12/22"
"Fate: The Winx Saga: Season 1: Wither Into the Truth","9/12/22"
"Fate: The Winx Saga: Season 1: Some Wrecked Angel","9/12/22"
"Fate: The Winx Saga: Season 1: Heavy Mortal Hopes","9/12/22"
"Fate: The Winx Saga: Season 1: No Strangers Here","9/12/22"
"Fate: The Winx Saga: Season 1: To the Waters and the Wild","9/12/22"
"Top Gun","9/11/22"
"Mission: Impossible - Fallout","9/11/22"
"Friends: Season 7: The One with Joey's New Brain","9/11/22"
"Friends: Season 7: The One Where They All Turn Thirty","9/11/22"
"Friends: Season 7: The One Where Rosita Dies","9/11/22"
"Friends: Season 7: The One Where They're Up All Night","9/10/22"
"Friends: Season 7: The One with All the Cheesecakes","9/10/22"
"Friends: Season 7: The One with the Holiday Armadillo","9/10/22"
"Friends: Season 7: The One with All the Candy","9/10/22"
"Friends: Season 7: The One Where Chandler Doesn't Like Dogs","9/5/22"
"Friends: Season 7: The One with Ross' Library Book","9/3/22"
"Friends: Season 7: The One with the Nap Partners","9/3/22"
"Friends: Season 7: The One with the Engagement Picture","9/2/22"
"Friends: Season 7: The One with Rachel's Assistant","9/2/22"
"Friends: Season 7: The One with Phoebe's Cookies","8/30/22"
"Friends: Season 7: The One with Rachel's Book","8/27/22"
"Friends: Season 7: The One with Monica's Thunder","8/27/22"
"Friends: Season 5: The One After Ross Says Rachel","8/27/22"
"Friends: Season 6: The One with the Proposal: Part 2","8/27/22"
"Spider-Man: No Way Home","8/27/22"
"Friends: Season 6: The One with the Proposal: Part 1","8/26/22"
"Friends: Season 6: The One with the Ring","8/26/22"
"Friends: Season 6: The One Where Paul's the Man","8/26/22"
"The Next 365 Days","8/26/22"
"Friends: Season 6: The One Where Ross Meets Elizabeth's Dad","8/24/22"
"Friends: Season 6: The One with Mac and C.H.E.E.S.E","8/24/22"
"Friends: Season 6: The One with Joey's Fridge","8/22/22"
"Oh! Baby","8/21/22"
"Friends: Season 6: The One Where Ross Dates a Student","8/19/22"
"Friends: Season 6: The One with Unagi","8/19/22"
"Indian Matchmaking: Season 2: I Feel Like He's The One","8/19/22"
"Indian Matchmaking: Season 2: All The Bases Covered","8/19/22"
"Indian Matchmaking: Season 2: Very Chulbuli","8/19/22"
"Indian Matchmaking: Season 2: The Looks of Clint Eastwood","8/19/22"
"Indian Matchmaking: Season 2: I Love You Like a Friend","8/19/22"
"Indian Matchmaking: Season 2: Ovo-lacto-semi-vegetarian","8/19/22"
"Indian Matchmaking: Season 2: Be a Boss, Marry a Boss, Build an Empire","8/19/22"
"Indian Matchmaking: Season 2: I've Dated Lots of Chicks","8/19/22"
"Friends: Season 6: The One That Could Have Been: Part 2","8/18/22"
"Friends: Season 6: The One That Could Have Been: Part 1","8/18/22"
"Darlings","8/17/22"
"Friends: Season 6: The One Where Chandler Can't Cry","8/17/22"
"Locke & Key: Season 3: Free Bird","8/17/22"
"Locke & Key: Season 3: Farewell","8/17/22"
"Locke & Key: Season 3: Curtain","8/17/22"
"Friends: Season 6: The One with Rachel's Sister","8/16/22"
"Locke & Key: Season 3: Siege","8/16/22"
"Locke & Key: Season 3: Deep Cover","8/16/22"
"Locke & Key: Season 3: Five Minutes Past","8/16/22"
"Friends: Season 6: The One with the Joke","8/16/22"
"Locke & Key: Season 3: Wedding Crashers","8/14/22"
"Locke & Key: Season 3: The Snow Globe","8/13/22"
"Locke & Key: Season 2: Cliffhanger","8/13/22"
"Friends: Season 6: The One with the Apothecary Table","8/12/22"
"Friends: Season 6: The One with the Routine","8/12/22"
"Friends: Season 6: The One Where Ross Got High","8/10/22"
"Friends: Season 6: The One with Ross's Teeth","8/10/22"
"Friends: Season 6: The One Where Phoebe Runs","8/10/22"
"Friends: Season 6: The One on the Last Night","8/5/22"
"Friends: Season 6: The One with Joey's Porsche","8/5/22"
"Friends: Season 6: The One Where Joey Loses His Insurance","8/5/22"
"Friends: Season 6: The One with Ross's Denial","8/5/22"
"Friends: Season 6: The One Where Ross Hugs Rachel","8/4/22"
"Friends: Season 6: The One After Vegas","8/3/22"
"Better Call Saul: Season 6: Breaking Bad","8/2/22"
"Friends: Season 5: The One in Vegas: Part 2","8/2/22"
"Friends: Season 5: The One in Vegas: Part 1","8/2/22"
"Friends: Season 5: The One with Joey's Big Break","8/2/22"
"Friends: Season 5: The One with the Ball","8/1/22"
"Friends: Season 5: The One with the Ride-Along","8/1/22"
"Friends: Season 5: The One Where Ross Can't Flirt","7/31/22"
"Friends: Season 5: The One Where Rachel Smokes","7/29/22"
"Friends: Season 5: The One with Rachel's Inadvertent Kiss","7/29/22"
"Friends: Season 5: The One with the Cop","7/29/22"
"Friends: Season 5: The One with the Girl Who Hits Joey","7/28/22"
"Friends: Season 5: The One Where Everybody Finds Out","7/28/22"
"F3: Fun and Frustration","7/28/22"
"Friends: Season 5: The One with Joey's Bag","7/28/22"
"Friends: Season 5: The One with Chandler's Work Laugh","7/28/22"
"Friends: Season 5: The One with All the Resolutions","7/28/22"
"Friends: Season 5: The One with the Inappropriate Sister","7/27/22"
"Friends: Season 5: The One with Ross's Sandwich","7/27/22"
"Friends: Season 5: The One with All the Thanksgivings","7/27/22"
"Friends: Season 5: The One Where Ross Moves In","7/26/22"
"Friends: Season 5: The One with the Yeti","7/26/22"
"Friends: Season 5: The One with the Kips","7/26/22"
"Friends: Season 5: The One Where Phoebe Hates PBS","7/26/22"
"Friends: Season 5: The One Hundredth","7/26/22"
"Friends: Season 5: The One with All the Kissing","7/26/22"
"Friends: Season 4: The One with Ross's Wedding: Part 2","7/25/22"
"Friends: Season 4: The One with Ross's Wedding: Part 1","7/25/22"
"Friends: Season 4: The One with the Worst Best Man Ever","7/25/22"
"Friends: Season 4: The One with the Invitation","7/25/22"
"Friends: Season 4: The One with the Wedding Dresses","7/25/22"
"Friends: Season 4: The One with All the Haste","7/24/22"
"Friends: Season 4: The One with Rachel's New Dress","7/24/22"
"Friends: Season 4: The One with the Free Porn","7/24/22"
"Friends: Season 4: The One with the Fake Party","7/24/22"
"Friends: Season 4: The One with All the Rugby","7/24/22"
"The Big Bang Theory: Season 1: Pilot","7/24/22"
"Friends: Season 4: The One with Joey's Dirty Day","7/22/22"
"Friends: Season 4: The One with Rachel's Crush","7/22/22"
"Friends: Season 4: The One with the Embryos","7/22/22"
"Friends: Season 4: The One with Phoebe's Uterus","7/22/22"
"Friends: Season 4: The One with the Girl from Poughkeepsie","7/21/22"
"Friends: Season 4: The One Where They're Going to Party","7/21/22"
"Friends: Season 4: The One with Chandler in a Box","7/20/22"
"Friends: Season 4: The One Where Chandler Crosses the Line","7/20/22"
"Friends: Season 4: The One with the Dirty Girl","7/20/22"
"Friends: Season 4: The One with Joey's New Girlfriend","7/20/22"
"Friends: Season 4: The One with the Ballroom Dancing","7/20/22"
"Friends: Season 4: The One with the 'Cuffs","7/20/22"
"Friends: Season 4: The One with the Cat","7/19/22"
"Friends: Season 4: The One with the Jellyfish","7/19/22"
"Friends: Season 3: The One at the Beach","7/19/22"
"Friends: Season 3: The One with the Ultimate Fighting Champion","7/19/22"
"Friends: Season 3: The One with Ross's Thing","7/19/22"
"Friends: Season 3: The One with the Screamer","7/18/22"
"Friends: Season 3: The One with a Chick. And a Duck","7/18/22"
"Friends: Season 3: The One with the Dollhouse","7/18/22"
"Friends: Season 3: The One with the Tiny T-Shirt","7/17/22"
"Friends: Season 3: The One with the Hypnosis Tape","7/17/22"
"Friends: Season 3: The One Without the Ski Trip","7/15/22"
"Friends: Season 3: The One The Morning After","7/15/22"
"Friends: Season 3: The One Where Ross & Rachel Take a Break","7/15/22"
"Friends: Season 3: The One with Phoebe's Ex-Partner","7/13/22"
"Ante Sundaraniki","7/10/22"
"Friends: Season 3: The One Where Monica & Richard Are Just Friends","7/6/22"
"Friends: Season 3: The One with All the Jealousy","7/6/22"
"Hello, Goodbye, and Everything in Between","7/6/22"
"Major (Telugu)","7/4/22"
"Virata Parvam","7/3/22"
"Stranger Things: Stranger Things 4: Chapter Nine: The Piggyback","7/3/22"
"Edge of Tomorrow","7/3/22"
"Stranger Things: Stranger Things 4: Chapter Eight: Papa","7/3/22"
"Stranger Things: Stranger Things 4: Chapter Seven: The Massacre at Hawkins Lab","7/3/22"
"Stranger Things: Stranger Things 4: Chapter Six: The Dive","7/3/22"
"Stranger Things: Stranger Things 4: Chapter Five: The Nina Project","7/3/22"
"Stranger Things: Stranger Things 4: Chapter Four: Dear Billy","7/3/22"
"Stranger Things: Stranger Things 4: Chapter Three: The Monster and the Superhero","7/3/22"
"Stranger Things: Stranger Things 4: Chapter Two: Vecna's Curse","7/2/22"
"Stranger Things: Stranger Things 4: Chapter One: The Hellfire Club","7/2/22"
"Friends: Season 3: The One Where Chandler Can't Remember Which Sister","6/20/22"
"Don","6/14/22"
"Krishna and His Leela","6/8/22"
"Jana 2022 (Telugu)","6/2/22"
"Beast (Tamil)","5/11/22"
"Mishan Impossible","5/3/22"
"Pitch Perfect","4/20/22"
"Happiness: Limited Series: Episode 1","4/17/22"
"Red","4/16/22"
"Outer Banks: Season 1: Pilot","4/9/22"
"Meenakshi Sundareshwar","3/27/22"
"The Fame Game: Episode 8","3/26/22"
"The Fame Game: Episode 7","3/26/22"
"The Fame Game: Episode 6","3/26/22"
"The Fame Game: Episode 5","3/26/22"
"The Fame Game: Episode 4","3/26/22"
"The Fame Game: Episode 3","3/26/22"
"The Fame Game: Episode 2","3/26/22"
"The Fame Game: Episode 1","3/26/22"
"Friends: Season 3: The One Where Rachel Quits","3/25/22"
"Evvarikee Cheppoddu","3/18/22"
"Friends: Season 3: The One with the Football","3/17/22"
"Friends: Season 3: The One with the Giant Poking Device","3/17/22"
"Friends: Season 3: The One with the Race Car Bed","3/15/22"
"Friends: Season 3: The One with the Flashback","3/7/22"
"Friends: Season 3: The One with Frank Jr","3/7/22"
"Friends: Season 3: The One with the Metaphorical Tunnel","3/7/22"
"Friends: Season 3: The One with the Jam","3/3/22"
"Friends: Season 3: The One Where No One's Ready","3/2/22"
"Friends: Season 3: The One with the Princess Leia Fantasy","3/2/22"
"Friends: Season 2: The One with Barry and Mindy's Wedding","3/1/22"
"Friends: Season 2: The One with the Chicken Pox","2/28/22"
"Friends: Season 2: The One with the Two Parties","2/24/22"
"Friends: Season 2: The One with the Bullies","2/23/22"
"Friends: Season 2: The One Where Old Yeller Dies","2/21/22"
"Friends: Season 2: The One Where Eddie Won't Go","2/21/22"
"Friends: Season 2: The One Where Dr. Ramoray Dies","2/21/22"
"Friends: Season 2: The One Where Eddie Moves In","2/21/22"
"Money Heist: Part 1: Episode 1","2/20/22"
"Squid Game: Season 1: Red Light, Green Light","2/20/22"
"The Meg","2/20/22"
"The Bureau of Magical Things: Season 1: End of the Road 2","2/19/22"
"The Bureau of Magical Things: Season 1: End of the Road 1","2/19/22"
"The Bureau of Magical Things: Season 1: On the Chase","2/19/22"
"The Bureau of Magical Things: Season 1: Accused","2/19/22"
"The Bureau of Magical Things: Season 1: The Prize","2/19/22"
"The Bureau of Magical Things: Season 1: Judgement Day","2/19/22"
"The Bureau of Magical Things: Season 1: The Eye of Horus","2/19/22"
"The Bureau of Magical Things: Season 1: Forces of Attraction","2/19/22"
"The Bureau of Magical Things: Season 1: Aisle 13","2/19/22"
"The Bureau of Magical Things: Season 1: A Fairy Tale","2/19/22"
"The Bureau of Magical Things: Season 1: Uncharted Waters","2/19/22"
"The Bureau of Magical Things: Season 1: On the Beach","2/19/22"
"The Bureau of Magical Things: Season 1: Shortcut","2/19/22"
"The Bureau of Magical Things: Season 1: Fairy for a Day","2/19/22"
"The Bureau of Magical Things: Season 1: The Test","2/19/22"
"The Bureau of Magical Things: Season 1: A Knight to Remember","2/19/22"
"Friends: Season 2: The One Where Joey Moves Out","2/18/22"
"Friends: Season 2: The One Where Ross and Rachel...You Know","2/18/22"
"Friends: Season 2: The One with the Prom Video","2/18/22"
"Friends: Season 2: The One After the Super Bowl: Part 2","2/18/22"
"The Bureau of Magical Things: Season 1: Gone to the Dogs","2/18/22"
"Friends: Season 2: The One After the Super Bowl: Part 1","2/18/22"
"The Bureau of Magical Things: Season 1: All the World's a Stage","2/18/22"
"Friends: Season 2: The One with the Lesbian Wedding","2/15/22"
"Friends: Season 2: The One with Russ","2/14/22"
"Friends: Season 2: The One with Phoebe's Dad","2/14/22"
"Friends: Season 2: The One with the List","2/13/22"
"Friends: Season 2: The One Where Ross Finds Out","2/13/22"
"Tall Girl 2","2/12/22"
"The Power of the Dog","2/8/22"
"Friends: Season 2: The One with the Baby on the Bus","2/8/22"
"Venom","2/8/22"
"Dark Desire: Season 1: It's Just Sex","2/7/22"
"Shyam Singha Roy","1/30/22"
"Oh! Baby (Tamil)","1/30/22"
"The Last Summer","1/24/22"
"He's All That","1/24/22"
"Summer Heat: Episode 1","1/24/22"
"Too Hot to Handle: Season 3: No Pleasure Island","1/20/22"
"Friends: Season 2: The One with Five Steaks and an Eggplant","1/14/22"
"Friends: Season 2: The One with Phoebe's Husband","1/14/22"
"The Notebook","1/11/22"
"Breaking Bad: Season 1: Gray Matter","1/6/22"
"Unfaithful","12/28/21"
"Friends: Season 2: The One Where Heckles Dies","12/28/21"
"Holidate","12/27/21"
"Emily in Paris: Season 2: French Revolution","12/26/21"
"Emily in Paris: Season 2: Scents & Sensibility","12/26/21"
"Emily in Paris: Season 2: Champagne Problems","12/26/21"
"Emily in Paris: Season 2: The Cook, the Thief, Her Ghost and His Lover","12/26/21"
"Emily in Paris: Season 2: Boiling Point","12/26/21"
"Emily in Paris: Season 2: An Englishman in Paris","12/26/21"
"Emily in Paris: Season 2: Jules and Em","12/26/21"
"Emily in Paris: Season 2: Bon Anniversaire!","12/26/21"
"Emily in Paris: Season 2: Do You Know the Way to St. Tropez?","12/26/21"
"Emily in Paris: Season 2: Voulez-Vous Coucher Avec Moi?","12/26/21"
"Aranyak: Episode 1","12/25/21"
"Decoupled: Shake His Hand","12/23/21"
"Don't Breathe 2","12/23/21"
"The Witcher: Season 1: The End’s Beginning","12/22/21"
"A California Christmas: City Lights","12/17/21"
"Money Heist: Part 5: A Family Tradition","12/11/21"
"Money Heist: Part 5: Pillow Talk","12/11/21"
"Money Heist: Part 5: The Elegance Theory","12/11/21"
"Money Heist: Part 5: Wishful Thinking","12/10/21"
"Money Heist: Part 5: Escape Valve","12/5/21"
"Friends: Season 2: The One with the Breast Milk","11/29/21"
"Om Shanti Om","11/29/21"
"Friends: Season 2: The One with Ross's New Girlfriend","11/29/21"
"Dangal","11/28/21"
"A Boy Called Christmas","11/24/21"
"Friends: Season 1: The One Where Rachel Finds Out","11/24/21"
"Friends: Season 1: The One with the Birth","11/24/21"
"Friends: Season 1: The One with the Ick Factor","11/24/21"
"Friends: Season 1: The One with the Fake Monica","11/24/21"
"Friends: Season 1: The One with the Evil Orthodontist","11/24/21"
"Friends: Season 1: The One Where the Monkey Gets Away","11/24/21"
"Friends: Season 1: The One with All the Poker","11/24/21"
"Friends: Season 1: The One with the Two Parts: Part 2","11/24/21"
"Friends: Season 1: The One with the Two Parts: Part 1","11/24/21"
"Friends: Season 1: The One with the Stoned Guy","11/23/21"
"Friends: Season 1: The One with the Candy Hearts","11/23/21"
"Friends: Season 1: The One with the Boobies","11/23/21"
"Friends: Season 1: The One with the Dozen Lasagnas","11/23/21"
"Friends: Season 1: The One with Mrs. Bing","11/23/21"
"Friends: Season 1: The One with the Monkey","11/23/21"
"Friends: Season 1: The One Where Underdog Gets Away","11/22/21"
"Friends: Season 1: The One Where Nana Dies Twice","11/22/21"
"Friends: Season 1: The One with the Blackout","11/22/21"
"Humpty Sharma Ki Dulhania","11/20/21"
"Miss India","11/14/21"
"Awe","11/14/21"
"Mughizh","11/14/21"
"Maha Samudram","11/13/21"
"No Country for Old Men","11/10/21"
"Shadow and Bone: Season 1: A Searing Burst of Light","11/9/21"
"The Chase","11/7/21"
"Locke & Key: Season 2: Alpha & Omega","11/7/21"
"Locke & Key: Season 2: Irons in the Fire","11/7/21"
"Locke & Key: Season 2: Best Laid Plans","11/7/21"
"Locke & Key: Season 2: The Maze","11/7/21"
"Locke & Key: Season 2: Past is Prologue","11/7/21"
"Locke & Key: Season 2: Forget Me Not","11/7/21"
"Locke & Key: Season 2: Small World","11/7/21"
"Locke & Key: Season 2: The Head and the Heart","11/7/21"
"Locke & Key: Season 2: The Premiere","11/7/21"
"Locke & Key: Season 1: Crown of Shadows","11/6/21"
"Locke & Key: Season 1: Echoes","11/6/21"
"Locke & Key: Season 1: Ray of F**king Sunshine","11/6/21"
"Locke & Key: Season 1: Dissection","11/6/21"
"Locke & Key: Season 1: The Black Door","11/6/21"
"Locke & Key: Season 1: Family Tree","11/6/21"
"Locke & Key: Season 1: The Keepers of the Keys","11/6/21"
"Doctor (Telugu)","11/5/21"
"Locke & Key: Season 1: Head Games","11/5/21"
"Locke & Key: Season 1: Trapper / Keeper","11/5/21"
"Kal Ho Naa Ho","11/5/21"
"Kota Factory: Season 1: Optimization","10/26/21"
"Kota Factory: Season 1: Assembly Line","10/26/21"
"The Twilight Saga: Breaking Dawn: Part 1","10/25/21"
"The Twilight Saga: Eclipse","10/24/21"
"The Twilight Saga: New Moon","10/24/21"
"Jeans","10/24/21"
"House of Secrets: The Burari Deaths: Limited Series: 11 Bodies","10/19/21"
"Squid Game: Season 1: One Lucky Day","10/18/21"
"Squid Game: Season 1: Front Man","10/18/21"
"Squid Game: Season 1: VIPS","10/18/21"
"Squid Game: Season 1: Gganbu","10/18/21"
"Squid Game: Season 1: A Fair World","10/18/21"
"Squid Game: Season 1: Stick to the Team","10/18/21"
"Squid Game: Season 1: The Man with the Umbrella","10/18/21"
"Twilight","10/14/21"
"Friends: Season 1: The One with the Butt","10/13/21"
"Friends: Season 1: The One with the East German Laundry Detergent","10/12/21"
"Lupin: Part 1: Chapter 5","10/9/21"
"Sex/Life: Season 1: Down in the Tube Station at Midnight","10/6/21"
"Sex/Life: Season 1: The Wives Are in Connecticut","10/4/21"
"Navarasa: Limited Series: Edhiri: Karuṇā","10/4/21"
"Kota Factory: Season 1: Inventory","10/3/21"
"Friends: Season 1: The One with George Stephanopoulos","10/1/21"
"Thalaivii","9/29/21"
"PK","9/12/21"
"Lupin: Part 1: Chapter 4","9/11/21"
"Lupin: Part 1: Chapter 3","9/10/21"
"Turning Point: 9/11 and the War on Terror: Limited Series: The System Was Blinking Red","9/9/21"
"Money Heist: Part 5: Live Many Lives","9/5/21"
"Money Heist: Part 5: Your Place in Heaven","9/3/21"
"Money Heist: Part 5: Welcome to the Spectacle of Life","9/3/21"
"Money Heist: Part 5: Do You Believe in Reincarnation?","9/3/21"
"Money Heist: Part 5: The End of the Road","9/3/21"
"Lupin: Part 1: Chapter 2","9/1/21"
"Zero Dark Thirty","9/1/21"
"Lupin: Part 1: Chapter 1","8/30/21"
"Jamtara - Sabka Number Ayega: Season 1: Episode 10","8/29/21"
"Jamtara - Sabka Number Ayega: Season 1: Episode 9","8/29/21"
"Jamtara - Sabka Number Ayega: Season 1: Episode 8","8/29/21"
"Jamtara - Sabka Number Ayega: Season 1: Episode 7","8/29/21"
"Jamtara - Sabka Number Ayega: Season 1: Episode 6","8/29/21"
"Jamtara - Sabka Number Ayega: Season 1: Episode 5","8/29/21"
"Jamtara - Sabka Number Ayega: Season 1: Episode 4","8/29/21"
"Jamtara - Sabka Number Ayega: Season 1: Episode 3","8/29/21"
"Jamtara - Sabka Number Ayega: Season 1: Episode 2","8/29/21"
"Jamtara - Sabka Number Ayega: Season 1: Episode 1","8/29/21"
"Thimmarusu","8/28/21"
"Boomika (Telugu)","8/24/21"
"Money Heist: Part 4: The Paris Plan","8/16/21"
"Money Heist: Part 4: Strike the Tent","8/16/21"
"Money Heist: Part 4: TKO","8/16/21"
"Money Heist: Part 4: 5 Minutes Earlier","8/15/21"
"Money Heist: Part 4: Pasodoble","8/15/21"
"Money Heist: Part 4: Anatomy Lesson","8/15/21"
"Money Heist: Part 4: Berlin's Wedding","8/15/21"
"Money Heist: Part 4: Game Over","8/15/21"
"Money Heist: Part 3: Astray","8/15/21"
"Money Heist: Part 3: A Quick Vacation","8/15/21"
"Money Heist: Part 3: Everything Seemed Insignificant","8/15/21"
"Money Heist: Part 3: Boom, Boom, Ciao","8/15/21"
"Money Heist: Part 3: It's Dolphin Time","8/14/21"
"Money Heist: Part 3: 48 Meters Underground","8/14/21"
"Money Heist: Part 3: Aikido","8/14/21"
"Money Heist: Part 3: We're Back","8/14/21"
"Money Heist: Part 2: Episode 9","8/14/21"
"Money Heist: Part 2: Episode 8","8/14/21"
"Money Heist: Part 2: Episode 7","8/14/21"
"Money Heist: Part 2: Episode 6","8/14/21"
"Money Heist: Part 2: Episode 5","8/14/21"
"Money Heist: Part 2: Episode 4","8/14/21"
"Money Heist: Part 2: Episode 3","8/13/21"
"Money Heist: Part 2: Episode 2","8/13/21"
"Money Heist: Part 2: Episode 1","8/13/21"
"Money Heist: Part 1: Episode 13","8/13/21"
"Money Heist: Part 1: Episode 12","8/13/21"
"Money Heist: Part 1: Episode 11","8/13/21"
"Money Heist: Part 1: Episode 10","8/13/21"
"Money Heist: Part 1: Episode 9","8/13/21"
"Money Heist: Part 1: Episode 8","8/13/21"
"Money Heist: Part 1: Episode 7","8/13/21"
"Money Heist: Part 1: Episode 6","8/13/21"
"Money Heist: Part 1: Episode 5","8/13/21"
"Money Heist: Part 1: Episode 4","8/13/21"
"Money Heist: Part 1: Episode 3","8/12/21"
"Money Heist: Part 1: Episode 2","8/12/21"
"Jagame Thandhiram","8/11/21"
"Navarasa: Limited Series: Guitar Kambi Mele Nindru: Sringara","8/6/21"
"Navarasa: Limited Series: Project Agni: Adbhutā","8/6/21"
"Indecent Proposal","8/1/21"
"Friends: Season 1: The One with the Thumb","7/28/21"
"Tall Girl","7/8/21"
"A Cinderella Story: Christmas Wish","7/7/21"
"Madras Café","7/4/21"
"Dora and the Lost City of Gold","7/4/21"
"Njan Prakashan","7/2/21"
"Love","6/26/21"
"Katla: From Under the Glacier","6/18/21"
"We Can Be Heroes","6/16/21"
"Sarbath","6/13/21"
"The Originals: Always and Forever","6/6/21"
"Friends: Season 1: The One with the Sonogram at the End","6/6/21"
"Stranger Things: Stranger Things 3: Chapter Eight: The Battle of Starcourt","6/6/21"
"Cinema Bandi","5/16/21"
"Mandela","5/14/21"
"Mallesham","4/25/21"
"Guna 369","4/25/21"
"Inheritors: Limited Series: Episode 1","4/19/21"
"Hereditary","4/19/21"
"Tuesdays & Fridays","4/19/21"
"Ajeeb Daastaans","4/19/21"
"Uppena","4/18/21"
"Don't Breathe","4/2/21"
"Teenage Bounty Hunters: Daddy's Truck","4/2/21"
"Bridgerton: Season 1: Diamond of the First Water","4/2/21"
"Paranormal Activity 3","4/1/21"
"Paranormal Activity 2","4/1/21"
"Enola Holmes","3/29/21"
"Friends: Season 1: The One Where Monica Gets a Roommate (Pilot)","3/29/21"
"Wedding Unplanned","3/28/21"
"Meteor Garden: Episode 1","3/26/21"
"Family Reunion: Part 1: Remember How This All Started?","3/23/21"
"On My Block: Season 2: Chapter Thirteen","3/23/21"
"On My Block: Season 2: Chapter Twelve","3/23/21"
"On My Block: Season 2: Chapter Eleven","3/23/21"
"On My Block: Season 1: Chapter Ten","3/23/21"
"On My Block: Season 1: Chapter Nine","3/23/21"
"On My Block: Season 1: Chapter Eight","3/23/21"
"On My Block: Season 1: Chapter Seven","3/23/21"
"On My Block: Season 1: Chapter Six","3/23/21"
"On My Block: Season 1: Chapter Five","3/23/21"
"On My Block: Season 1: Chapter Four","3/23/21"
"On My Block: Season 1: Chapter Three","3/23/21"
"On My Block: Season 1: Chapter Two","3/23/21"
"On My Block: Season 1: Chapter One","3/23/21"
"Degrassi: Next Class: Season 1: #NotOkay","3/21/21"
"Degrassi: Next Class: Season 1: #YesMeansYes","3/21/21"
"Degrassi: Next Class: Season 1: #NoFilter","3/21/21"
"Degrassi: Next Class: Season 1: #BootyCall","3/21/21"
"Grand Army: Freedom","3/19/21"
"Grand Army: Spirit Day","3/19/21"
"Grand Army: Making Moves","3/19/21"
"Grand Army: Superman This S**t","3/19/21"
"Grand Army: Valentine's Day","3/19/21"
"Grand Army: Safety On","3/19/21"
"Grand Army: Relationship Goals","3/19/21"
"Grand Army: See Me","3/19/21"
"Grand Army: Brooklyn, 2020","3/18/21"
"Outlander: Season 1: Sassenach","3/18/21"
"Tiny Pretty Things: Corps","3/18/21"
"Dynasty: Season 1: I Hardly Recognized You","3/18/21"
"Love Alarm: Season 2: Episode 6","3/17/21"
"Love Alarm: Season 2: Episode 5","3/17/21"
"Love Alarm: Season 2: Episode 4","3/17/21"
"Love Alarm: Season 2: Episode 3","3/17/21"
"Love Alarm: Season 2: Episode 2","3/17/21"
"Love Alarm: Season 2: Episode 1","3/17/21"
"Love Alarm: Season 1: Something I’ve Been Holding Back and Can Only Say to You","3/17/21"
"Love Alarm: Season 1: One Is Bigger Than Any Other Number in the World","3/17/21"
"Love Alarm: Season 1: Your Heart Is Safe Now","3/17/21"
"Love Alarm: Season 1: The Gravity of Liking Someone","3/17/21"
"Love Alarm: Season 1: The Flash of Lightning Before It Thunders","3/17/21"
"Love Alarm: Season 1: The Best Feeling in the World Is Knowing There’s Someone on My Side","3/17/21"
"Love Alarm: Season 1: The Miracle of Two People Liking Each Other","3/17/21"
"Love Alarm: Season 1: There’s Nothing Anyone Can Do When You Like Someone","3/17/21"
"Zero Chill: Blade Star","3/17/21"
"Zero Chill: Sucker Punch","3/15/21"
"Zero Chill: Secret Skater","3/15/21"
"Zero Chill: Come and Take It from Me","3/15/21"
"The Bold Type: Season 4: Not Far from the Tree","3/10/21"
"The Bold Type: Season 4: Love","3/10/21"
"The Bold Type: Season 4: The Truth Will Set You Free","3/10/21"
"The Bold Type: Season 4: Lost","3/10/21"
"The Bold Type: Season 4: Snow Day","3/10/21"
"The Bold Type: Season 4: Leveling Up","3/10/21"
"The Bold Type: Season 4: Some Kind of Wonderful","3/10/21"
"The Bold Type: Season 4: 5, 6, 7, 8","3/10/21"
"The Bold Type: Season 4: Stardust","3/10/21"
"The Bold Type: Season 4: The Space Between","3/10/21"
"The Bold Type: Season 4: To Peg or Not to Peg","3/10/21"
"The Bold Type: Season 4: Tearing Down the Donut Wall","3/10/21"
"The Bold Type: Season 4: Babes in Toyland","3/10/21"
"The Bold Type: Season 4: Marathon","3/10/21"
"The Bold Type: Season 4: #Scarlet","3/10/21"
"The Bold Type: Season 4: Legends of the Fall Issue","3/10/21"
"The Bold Type: Season 3: Breaking Through the Noise","3/10/21"
"The Bold Type: Season 3: Final Push","3/10/21"
"The Bold Type: Season 3: Revival","3/10/21"
"The Bold Type: Season 3: Mixed Messages","3/10/21"
"The Bold Type: Season 3: #TBT","3/10/21"
"The Bold Type: Season 3: Technical Difficulties","3/10/21"
"The Bold Type: Season 3: The Deep End","3/10/21"
"The Bold Type: Season 3: Stroke of Genius","3/10/21"
"The Bold Type: Season 3: Plus It Up","3/10/21"
"The Bold Type: Season 3: The New Normal","3/10/21"
"The Bold Type: Season 2: We'll Always Have Paris","3/10/21"
"The Bold Type: Season 2: Trippin'","3/10/21"
"The Bold Type: Season 2: Plan B","3/10/21"
"The Bold Type: Season 2: Betsy","3/10/21"
"The Bold Type: Season 2: The Domino Effect","3/10/21"
"The Bold Type: Season 2: Stride of Pride","3/10/21"
"The Bold Type: Season 2: OMG","3/10/21"
"The Bold Type: Season 2: The Scarlet Letter","3/10/21"
"The Bold Type: Season 2: Rose Colored Glasses","3/10/21"
"The Bold Type: Season 2: Feminist Army","3/10/21"
"The Bold Type: Carry the Weight","3/9/21"
"The Bold Type: Before Tequila Sunrise","3/9/21"
"The Bold Type: The End of the Beginning","3/9/21"
"The Bold Type: Three Girls In A Tub","3/9/21"
"The Bold Type: The Breast Issue","3/9/21"
"The Bold Type: No Feminism in the Champagne Room","3/9/21"
"The Bold Type: If You Can't Do It With Feeling","3/9/21"
"The Bold Type: The Woman Behind the Clothes","3/9/21"
"The Bold Type: O Hell No","3/9/21"
"The Bold Type: Pilot","3/9/21"
"Brave New World: Soma Red","3/4/21"
"Brave New World: Monogamy and Futility: Part 2","3/4/21"
"Brave New World: Monogamy and Futility: Part 1","3/4/21"
"Brave New World: In the Dirt","3/4/21"
"Brave New World: Firefall","3/4/21"
"Brave New World: Swallow","3/4/21"
"Brave New World: Everybody Happy Now!","3/4/21"
"Brave New World: Want & Consequence","3/4/21"
"Brave New World: Pilot","3/4/21"
"Gerald's Game","3/4/21"
"After We Collided","3/1/21"
"The Da Vinci Code","2/28/21"
"Ragnarok: Season 1: New Boy","2/27/21"
"The Girl on the Train","2/26/21"
"Ginny & Georgia: Season 1: Pilot","2/26/21"
"Chesapeake Shores: Season 1: Pilot: Part 2","2/24/21"
"Chesapeake Shores: Season 1: Pilot: Part 1","2/24/21"
"The Big Day: Collection 1: Love Is in the Details","2/21/21"
"Castle Rock: Severance","2/21/21"
"Castle Rock: Season 2: Let the River Run","2/21/21"
"The Haunting of Hill House: Steven Sees a Ghost","2/21/21"
"Glitch: Season 1: The Risen","2/21/21"
"Fate: The Winx Saga - The Afterparty","2/21/21"
"The Haunting of Bly Manor: The Beast in the Jungle","2/20/21"
"The Haunting of Bly Manor: The Romance of Certain Old Clothes","2/20/21"
"The Haunting of Bly Manor: The Two Faces, Part Two","2/20/21"
"The Haunting of Bly Manor: The Jolly Corner","2/20/21"
"The Haunting of Bly Manor: The Altar of the Dead","2/20/21"
"The Haunting of Bly Manor: The Way It Came","2/20/21"
"The Haunting of Bly Manor: The Two Faces, Part One","2/20/21"
"The Haunting of Bly Manor: The Pupil","2/20/21"
"The Haunting of Bly Manor: The Great Good Place","2/20/21"
"Jane The Virgin: Chapter One: Pilot","2/19/21"
"Project Mc²: Part 1: The New Girl","2/19/21"
"The Next Step: Season 6: Grave New World","2/19/21"
"Invisible City: Season 1: Wish You Were Here","2/19/21"
"Tribes of Europa: Chapter 1","2/19/21"
"Status Update","2/19/21"
"Pitta Kathalu: Pinky","2/19/21"
"Pitta Kathalu: xLife","2/19/21"
"Pitta Kathalu: Meera","2/19/21"
"Pitta Kathalu: Ramula","2/19/21"
"Go! Live Your Way: Season 1: Episode 1","2/19/21"
"The Shannara Chronicles: Chosen: Part 1","2/19/21"
"Teen Wolf: Wolf Moon","2/18/21"
"The Kissing Booth 2","2/18/21"
"Power Rangers Ninja Steel: Season 2: Echoes of Evil","2/17/21"
"Jumanji: Welcome to the Jungle","2/17/21"
"Mowgli: Legend of the Jungle","2/17/21"
"Pokémon: Mewtwo Strikes Back - Evolution","2/17/21"
"2012","2/17/21"
"Julie and the Phantoms: Bright","2/16/21"
"Julie and the Phantoms: Wake Up","2/16/21"
"DASH & LILY: Lily","2/16/21"
"DASH & LILY: Dash","2/16/21"
"Stranger Things: Stranger Things 2: Chapter Nine: The Gate","2/16/21"
"Gilmore Girls: Season 1: Pilot","2/15/21"
"Girl from Nowhere: Season 1: The Ugly Truth","2/15/21"
"Trinkets: Season 1: Mirror Faces","2/15/21"
"The Society: What Happened","2/14/21"
"Chilling Adventures of Sabrina: Part 1: Chapter One: October Country","2/13/21"
"The 100: Earth Skills","2/13/21"
"The 100: Pilot","2/13/21"
"Work It","2/13/21"
"Greenhouse Academy: Season 1: Black Smoke","2/13/21"
"Greenhouse Academy: Season 1: Private Screening","2/13/21"
"Greenhouse Academy: Season 1: Breaking and Entering","2/13/21"
"Greenhouse Academy: Season 1: The Opening Challenge","2/13/21"
"Greenhouse Academy: Season 1: Pilot","2/13/21"
"To All The Boys: Always And Forever","2/13/21"
"To All the Boys: P.S. I Still Love You","2/12/21"
"To All the Boys I’ve Loved Before","2/12/21"
"The Worst Witch: Season 1: New Girl","2/11/21"
"The Worst Witch: Season 1: Tabby","2/11/21"
"The Worst Witch: Season 1: Selection Day","2/11/21"
"The Order: Season 1: Introduction to Ethics: Part 1","2/11/21"
"The Order: Season 1: Hell Week: Part 2","2/11/21"
"The Order: Season 1: Hell Week: Part 1","2/11/21"
"DJ Cinderella","2/11/21"
"The Umbrella Academy: Season 1: We Only See Each Other at Weddings and Funerals","2/11/21"
"Finding ‘Ohana","2/11/21"
"Let It Snow","2/11/21"
"Riverdale: Season 5: Chapter Eighty: Purgatorio","2/11/21"
"Riverdale: Season 2: Chapter Fourteen: A Kiss Before Dying","2/11/21"
"Riverdale: Season 1: Chapter Thirteen: The Sweet Hereafter","2/11/21"
"Riverdale: Season 1: Chapter Twelve: Anatomy of a Murder","2/11/21"
"Riverdale: Season 1: Chapter Eleven: To Riverdale and Back Again","2/11/21"
"Riverdale: Season 1: Chapter Ten: The Lost Weekend","2/11/21"
"Riverdale: Season 1: Chapter Nine: La Grande Illusion","2/10/21"
"Riverdale: Season 1: Chapter Eight: The Outsiders","2/10/21"
"Riverdale: Season 1: Chapter Seven: In a Lonely Place","2/10/21"
"Riverdale: Season 1: Chapter Six: Faster, Pussycats! Kill! Kill!","2/10/21"
"Riverdale: Season 1: Chapter Five: Heart of Darkness","2/10/21"
"Riverdale: Season 1: Chapter Four: The Last Picture Show","2/10/21"
"Riverdale: Season 1: Chapter One: The River's Edge","2/10/21"
"Riverdale: Season 1: Chapter Three: Body Double","2/10/21"
"Riverdale: Season 1: Chapter Two: Touch of Evil","2/10/21"
"The Perfect Date","2/8/21"
"Shadowhunters: The Mortal Instruments: Season 2: This Guilty Blood","2/4/21"
"Shadowhunters: The Mortal Instruments: Season 1: Morning Star","2/4/21"
"Shadowhunters: The Mortal Instruments: Season 1: Malec","2/4/21"
"Shadowhunters: The Mortal Instruments: Season 1: Blood Calls to Blood","2/4/21"
"Shadowhunters: The Mortal Instruments: Season 1: This World Inverted","2/4/21"
"Shadowhunters: The Mortal Instruments: Season 1: Rise Up","2/4/21"
"Shadowhunters: The Mortal Instruments: Season 1: Bad Blood","2/4/21"
"Shadowhunters: The Mortal Instruments: Season 1: Major Arcana","2/4/21"
"Shadowhunters: The Mortal Instruments: Season 1: Of Men and Angels","2/4/21"
"Shadowhunters: The Mortal Instruments: Season 1: Moo Shu to Go","2/4/21"
"Shadowhunters: The Mortal Instruments: Season 1: Raising Hell","2/4/21"
"Shadowhunters: The Mortal Instruments: Season 1: Dead Man's Party","2/4/21"
"Shadowhunters: The Mortal Instruments: Season 1: The Descent Into Hell Isn't Easy","2/4/21"
"Shadowhunters: The Mortal Instruments: Season 1: The Mortal Cup","2/3/21"
"Pihu","1/27/21"
"Mean Girls","1/22/21"
"Paava Kadhaigal: Oor Iravu","1/20/21"
